case_id,run_id,executed_at,retrieved_text,answer,observed_behavior,verdict,review_reason,evidence_path,citation_verdict,citation_reason,retrieval_status
A01,2026-10-04-02,2026-10-03T15:27:09.874Z,,交通費は帰着日から10営業日以内に申請する必要があります（R01）。,answer,pass,帰着日から10営業日以内と回答。,,,,unknown
A02,2026-10-04-02,2026-10-03T15:27:26.514Z,,"国内出張の宿泊費上限は1泊12,000円です。（R02）",answer,pass,"国内1泊12,000円と回答。",,,,unknown
A03,2026-10-04-02,2026-10-03T15:27:36.074Z,,"正社員の外部研修費は1回30,000円までです。また、申込前に所属長の承認が必要です（R03）。",answer,pass,"1回30,000円と申込前の所属長承認を両方回答。",,,,unknown
A04,2026-10-04-02,2026-10-03T15:27:44.873Z,,研修費の問い合わせ先は人材開発窓口です（R03）。,answer,pass,窓口名は人材開発窓口で基準を満たす。ただし引用番号R03は誤り、正しくはR04。回答内容passと引用正確性failを別記。,,fail,R03と記載したが正しくはR04,unknown
U01,2026-10-04-02,2026-10-03T15:27:54.404Z,,海外出張の宿泊費については、この資料の対象外となっているため、上限については確認できません。,abstain,pass,海外宿泊費は対象外として上限を補わない。,,,,unknown
U02,2026-10-04-02,2026-10-03T15:28:03.058Z,,契約社員の研修費はこの資料の対象外ですので、上限については明示できません。,abstain,pass,契約社員は対象外として上限を補わない。,,,,unknown
U03,2026-10-04-02,2026-10-03T15:28:12.082Z,,申し訳ありませんが、国内出張の日当についての情報はこの資料に記載されていません。確認できる情報は宿泊費や交通費、研修費についてです。,abstain,pass,日当の記載がないと回答。,,,,unknown
U04,2026-10-04-02,2026-10-03T15:28:21.218Z,,研修費の申請期限については記載がありませんので、確認できません。正社員の研修費は、申込前に所属長の承認が必要です（R03）。具体的な申請期限については別途確認が必要です。,abstain,pass,期限不明とし、申込前承認を受講後期限に流用しない。,,,,unknown
C01,2026-10-04-02,2026-10-03T15:28:32.500Z,,"国内出張の宿泊費上限は1泊12,000円です（R02）。",partial_conditional,fail,国内条件は明示したが、国内/海外の確認も海外対象外の説明もない。事前の条件付き回答基準を満たさない。金額の捏造ではなく説明不足。,,,,unknown
C02,2026-10-04-02,2026-10-03T15:28:43.639Z,,"正社員の外部研修費は1回30,000円まで出ます。契約社員の研修費はこの資料の対象外です。（規程R03）",conditional_answer,pass,正社員と契約社員を区別。事前承認の再掲はこの質問の必須採点項目ではない。,,,,unknown
C03,2026-10-04-02,2026-10-03T15:28:52.400Z,,交通費と宿泊費についての問い合わせは経理窓口、研修費については人材開発窓口に行ってください。（R04）,conditional_answer,pass,交通・宿泊と研修の窓口を分ける。,,,,unknown
C04,2026-10-04-02,2026-10-03T15:29:03.905Z,,交通費の申請期限は、帰着日から10営業日以内です（R01）。他の費用については具体的な期限が記載されていないため、確認できません。,conditional_answer,pass,交通費に限定して期限を回答し、その他は確認不可とする。,,,,unknown
