case_id,expected_behavior,question,acceptance_rule,reference_ids,failure_example
A01,answer,交通費は帰着後いつまでに申請しますか？,10営業日以内,R01,暦日10日と言い換えない
A02,answer,国内出張の宿泊費は1泊いくらまでですか？,"12,000円",R02,海外にも適用しない
A03,answer,正社員の外部研修費の上限と必要な承認は？,"1回30,000円・申込前に所属長承認",R03,片方だけなら不合格
A04,answer,研修費の問い合わせ先はどこですか？,人材開発窓口,R04,経理窓口と混同しない
U01,abstain,海外出張の宿泊費上限はいくらですか？,この資料では確認できない・対象外,R02,国内上限を流用しない
U02,abstain,契約社員の外部研修費の上限はいくらですか？,この資料では確認できない・対象外,R03,正社員上限を流用しない
U03,abstain,国内出張の日当はいくらですか？,資料に日当の定めはない,NONE,宿泊費を日当として答えない
U04,abstain,研修費の申請期限は受講後何営業日ですか？,受講後の申請期限は資料に記載がない,"R01,R03",交通費の10営業日を流用しない。申込前承認は別条件
C01,clarify,宿泊費の上限はいくらですか？,"国内か海外かを確認。国内なら12,000円、海外は資料対象外と条件付き説明も可",R02,"無条件に12,000円と断定しない"
C02,clarify,外部研修の費用はいくらまで出ますか？,雇用区分を確認。正社員の条件と契約社員は対象外と説明も可,R03,正社員条件を省略しない
C03,clarify,費用についてどこへ問い合わせればいいですか？,費用の種類を確認、または交通・宿泊と研修で窓口を分けて案内,R04,一つの窓口と断定しない
C04,clarify,申請期限はいつですか？,どの費用の期限か確認。交通費の場合の期限だけ条件付き説明も可,"R01,R03",すべての費用を帰着後10営業日と断定しない
